text,label
"Drake won the battle off bars, rebuttals, and angles.",lyrical_analysis
"Jay's MSG freestyle had more lyrical density than Iceman.",lyrical_analysis
"Family Matters was a great diss track because of the layered wordplay.",lyrical_analysis
"All the bars went over your head.",lyrical_analysis
"Kendrick's repetition on Not Like Us made the record more effective.",lyrical_analysis
"Jay-Z's flow switches carried the freestyle.",lyrical_analysis
"The punchlines hit harder on Family Matters.",lyrical_analysis
"Drake's delivery sold the record better than the lyrics themselves.",lyrical_analysis
"The rhyme patterns on that verse were more complex than people realize.",lyrical_analysis
"Kendrick structured the diss better from a songwriting perspective.",lyrical_analysis
"Kendrick has always been lyrically deeper and more intricate.",lyrical_analysis
"Family Matters is still a banger.",lyrical_analysis
"Meet The Grahams was a miss as a track.",lyrical_analysis
"Family Matters was probably the best rapping I've seen from Drake ever.",lyrical_analysis
"The second verse where he goes directly at five people was really well written.",lyrical_analysis
"Lyrically he's immaculate.",lyrical_analysis
"Not Like Us is a dull song compared to Euphoria.",lyrical_analysis
"Kendrick's bars were simple and repetitive.",lyrical_analysis
"Nobody wants to compete bar for bar anymore.",lyrical_analysis
"Drake has put out fun music with good bars.",lyrical_analysis
"Drake has been the most streamed rapper for over a decade.",evidence_based_argument
"Jay-Z has more classic albums and a longer run at the top.",evidence_based_argument
"Drake beat Jay's record for number one albums.",evidence_based_argument
"No matter the win or loss he's still the most streamed artist.",evidence_based_argument
"Jay owns a stronger catalog because of Reasonable Doubt and The Blueprint.",evidence_based_argument
"Drake's commercial run is unmatched in modern rap.",evidence_based_argument
"Kendrick has fewer releases but a higher average critical score.",evidence_based_argument
"Sales numbers alone don't determine greatness.",evidence_based_argument
"Jay influenced more rappers across multiple generations.",evidence_based_argument
"Drake's longevity is one of the strongest arguments for his legacy.",evidence_based_argument
"Damn sold some of the highest numbers since Eminem and Kanye.",evidence_based_argument
"Mr Morale sold well and was praised by critics and fans.",evidence_based_argument
"Highest grossing rap tour of all time in 2022.",evidence_based_argument
"He won a Pulitzer and multiple Grammys.",evidence_based_argument
"Drake is the biggest seller and does it consistently.",evidence_based_argument
"Scorpion had a bigger impact than Mr Morale.",evidence_based_argument
"If we look at accolades alone Kendrick has them all beat.",evidence_based_argument
"Drake charted 42 songs on Billboard simultaneously.",evidence_based_argument
"Kendrick was already considered one of the best rappers before the battle.",evidence_based_argument
"His last tour was one of the biggest selling tours in recent years.",evidence_based_argument
"Kendrick won.",opinion_reaction
"I still think Drake is better.",opinion_reaction
"That freestyle was fire.",opinion_reaction
"Jay-Z is the GOAT.",opinion_reaction
"I enjoyed Family Matters more.",opinion_reaction
"Not Like Us is still stuck in my head.",opinion_reaction
"Drake got unfairly judged during this beef.",opinion_reaction
"I've been replaying this all day.",opinion_reaction
"That was one of Kendrick's best moments.",opinion_reaction
"This whole beef has been entertaining.",opinion_reaction
"Kendrick comes out on top no question.",opinion_reaction
"I always hated Drake and respect Kendrick even more now.",opinion_reaction
"I do not care.",opinion_reaction
"Kendrick is top three all time to me now.",opinion_reaction
"I have so much more respect for Kendrick after it.",opinion_reaction
"Nothing has changed Drake sucks Kendrick is good Cole exists.",opinion_reaction
"Drake is still one of my favorites.",opinion_reaction
"The internet has some Kendrick fatigue.",opinion_reaction
"The hate is mostly online.",opinion_reaction
"Social media is not real.",opinion_reaction
"Drake is a clown.",insult_meme
"Trash.",insult_meme
"Ass.",insult_meme
"You're white lol.",insult_meme
"Drake fans will not accept the L.",insult_meme
"K-Anon vs BBL-Anon.",insult_meme
"Certified yapper.",insult_meme
"Bro is coping.",insult_meme
"Delusional take.",insult_meme
"Stop the cap.",insult_meme
"You might actually be retarded.",insult_meme
"None both are trash.",insult_meme
"Drake is still a fraud.",insult_meme
"Cole is still soft.",insult_meme
"Drake was always a joke.",insult_meme
"He is just a visitor in hip hop.",insult_meme
"Kendrick remains unlistenable.",insult_meme
"Worst take yet.",insult_meme
"Awful take.",insult_meme
"Just put the fries in the bag bro.",insult_meme
"Kendrick structured Euphoria perfectly from start to finish.",lyrical_analysis
"Drake's best performance in the beef was Family Matters.",lyrical_analysis
"The flow changes on Euphoria kept the track engaging.",lyrical_analysis
"Meet The Grahams sacrificed replay value for impact.",lyrical_analysis
"Push Ups had stronger punchlines than people admit.",lyrical_analysis
"The production on Not Like Us carried part of its success.",lyrical_analysis
"Jay-Z's MSG freestyle showed elite breath control.",lyrical_analysis
"Kendrick's cadence was more varied throughout the battle.",lyrical_analysis
"The storytelling on Meet The Grahams was unsettling but effective.",lyrical_analysis
"Family Matters had Drake rapping at an elite level.",lyrical_analysis
"Euphoria balanced humor and aggression better than the other disses.",lyrical_analysis
"The beat switches made Family Matters feel cinematic.",lyrical_analysis
"Drake's delivery was stronger than his actual lyrics.",lyrical_analysis
"Kendrick relied heavily on repetition to make his point.",lyrical_analysis
"The wordplay on Family Matters deserves more credit.",lyrical_analysis
"Not Like Us was a simpler song but a more effective record.",lyrical_analysis
"Jay's freestyle had more technical rapping than most current releases.",lyrical_analysis
"The diss tracks showed how different Drake and Kendrick approach songwriting.",lyrical_analysis
"Drake focused on rebuttals while Kendrick focused on character attacks.",lyrical_analysis
"The battle produced some of the strongest rap performances in years.",lyrical_analysis
"Drake holds multiple Billboard chart records.",evidence_based_argument
"Kendrick won a Pulitzer Prize while most rappers never come close.",evidence_based_argument
"Jay-Z's influence can be seen across several generations of artists.",evidence_based_argument
"Streaming numbers show Drake remained dominant throughout the 2010s.",evidence_based_argument
"Sales and critical acclaim both support Kendrick's legacy.",evidence_based_argument
"Drake has more number one hits than most rappers in history.",evidence_based_argument
"Kendrick's albums consistently receive higher review scores.",evidence_based_argument
"Commercial success and lyrical skill are different measurements.",evidence_based_argument
"Jay-Z built a business empire beyond music.",evidence_based_argument
"The Black Album is still referenced decades later.",evidence_based_argument
"Drake's longevity separates him from many of his peers.",evidence_based_argument
"Kendrick's Grammy count supports his standing among elite rappers.",evidence_based_argument
"First week sales do not always reflect long term impact.",evidence_based_argument
"Influence is harder to measure than streaming numbers.",evidence_based_argument
"Many younger rappers cite Drake as an inspiration.",evidence_based_argument
"Many lyricists cite Kendrick as an influence.",evidence_based_argument
"Jay-Z remained relevant across multiple eras of hip hop.",evidence_based_argument
"The battle increased streaming numbers for both artists.",evidence_based_argument
"Not Like Us became one of the biggest rap songs of the year.",evidence_based_argument
"Kendrick's catalog has fewer releases but higher consistency.",evidence_based_argument
"Drake's catalog contains more chart success.",evidence_based_argument
"Historical impact should matter when discussing greatness.",evidence_based_argument
"Album sales alone cannot settle rap debates.",evidence_based_argument
"Multiple generations of rappers have borrowed from Jay-Z's style.",evidence_based_argument
"Kendrick's success extends beyond commercial metrics.",evidence_based_argument
"Drake holds multiple Billboard chart records.",evidence_based_argument
"Kendrick won a Pulitzer Prize while most rappers never come close.",evidence_based_argument
"Jay-Z's influence can be seen across several generations of artists.",evidence_based_argument
"Streaming numbers show Drake remained dominant throughout the 2010s.",evidence_based_argument
"Sales and critical acclaim both support Kendrick's legacy.",evidence_based_argument
"Drake has more number one hits than most rappers in history.",evidence_based_argument
"Kendrick's albums consistently receive higher review scores.",evidence_based_argument
"Commercial success and lyrical skill are different measurements.",evidence_based_argument
"Jay-Z built a business empire beyond music.",evidence_based_argument
"The Black Album is still referenced decades later.",evidence_based_argument
"Drake's longevity separates him from many of his peers.",evidence_based_argument
"Kendrick's Grammy count supports his standing among elite rappers.",evidence_based_argument
"First week sales do not always reflect long term impact.",evidence_based_argument
"Influence is harder to measure than streaming numbers.",evidence_based_argument
"Many younger rappers cite Drake as an inspiration.",evidence_based_argument
"Many lyricists cite Kendrick as an influence.",evidence_based_argument
"Jay-Z remained relevant across multiple eras of hip hop.",evidence_based_argument
"The battle increased streaming numbers for both artists.",evidence_based_argument
"Not Like Us became one of the biggest rap songs of the year.",evidence_based_argument
"Kendrick's catalog has fewer releases but higher consistency.",evidence_based_argument
"Drake's catalog contains more chart success.",evidence_based_argument
"Historical impact should matter when discussing greatness.",evidence_based_argument
"Album sales alone cannot settle rap debates.",evidence_based_argument
"Multiple generations of rappers have borrowed from Jay-Z's style.",evidence_based_argument
"Kendrick's success extends beyond commercial metrics.",evidence_based_argument
"Drake fans are coping again.",insult_meme
"Kendrick stans are unbearable.",insult_meme
"That take is straight garbage.",insult_meme
"Delete this post immediately.",insult_meme
"Absolutely delusional.",insult_meme
"Bro wrote all that for nothing.",insult_meme
"Room temperature IQ take.",insult_meme
"Average Drake stan behavior.",insult_meme
"Average Kendrick stan behavior.",insult_meme
"Stop embarrassing yourself.",insult_meme
"That opinion belongs in the trash.",insult_meme
"You're getting cooked in the comments.",insult_meme
"Generational glazing.",insult_meme
"Professional hater detected.",insult_meme
"Certified clown behavior.",insult_meme
"Bro thinks he's onto something.",insult_meme
"Peak delusion.",insult_meme
"Nobody asked.",insult_meme
"Touch grass.",insult_meme
"Go outside for a bit.",insult_meme
"This is why nobody takes rap fans seriously.",insult_meme
"That's the dumbest thing I've read today.",insult_meme
"Elite level coping.",insult_meme
"Your agenda is showing.",insult_meme
"That's bait and I'm not falling for it.",insult_meme
"The internal rhymes on that verse were impressive.",lyrical_analysis
"Kendrick layered multiple meanings into the same bar.",lyrical_analysis
"Drake's rebuttals were stronger than people admit.",lyrical_analysis
"The flow switch elevated the entire track.",lyrical_analysis
"Family Matters had excellent structure.",lyrical_analysis
"Euphoria built tension throughout the record.",lyrical_analysis
"The writing on Meet The Grahams was intentionally uncomfortable.",lyrical_analysis
"Not Like Us relied on simplicity and repetition.",lyrical_analysis
"The cadence changes kept the song fresh.",lyrical_analysis
"Jay-Z displayed elite technical rapping.",lyrical_analysis
"Kendrick's storytelling remains unmatched.",lyrical_analysis
"Drake's hooks are one of his biggest strengths.",lyrical_analysis
"The diss records showcased very different writing styles.",lyrical_analysis
"The punchlines landed harder on the second listen.",lyrical_analysis
"That verse rewards close listening.",lyrical_analysis
"The rhyme scheme was more complex than it sounded.",lyrical_analysis
"The delivery made the bar hit harder.",lyrical_analysis
"Kendrick's performance carried the record.",lyrical_analysis
"Drake's confidence improved the effectiveness of the diss.",lyrical_analysis
"The beat choice complemented the lyrics perfectly.",lyrical_analysis
"Jay-Z's freestyle felt effortless.",lyrical_analysis
"The songwriting was stronger than the technical rapping.",lyrical_analysis
"The technical rapping was stronger than the songwriting.",lyrical_analysis
"Both artists approached diss writing differently.",lyrical_analysis
"The battle produced several memorable rap performances.",lyrical_analysis
"Rap fans turn every debate into a war.",opinion_reaction
"I personally still prefer Drake over Kendrick.",opinion_reaction
"Kendrick feels more important to hip hop right now.",opinion_reaction
"I enjoyed the beef more than I expected.",opinion_reaction
"I think both fanbases made the beef worse.",opinion_reaction
"Drake still makes music I enjoy.",opinion_reaction
"Kendrick's win felt obvious to me.",opinion_reaction
"I do not think the beef changed my opinion of either artist.",opinion_reaction
"Jay-Z is still above both of them for me.",opinion_reaction
"I liked the debate more before everyone got emotional.",opinion_reaction
"I think people overreacted to every diss track.",opinion_reaction
"Family Matters grew on me after a few listens.",opinion_reaction
"Euphoria grew on me after a few listens.",opinion_reaction
"I liked Push Ups more than most people did.",opinion_reaction
"I liked Meet The Grahams less than most people did.",opinion_reaction
"I think Not Like Us was impossible to ignore.",opinion_reaction
"I still think Cole should have stayed out of it.",opinion_reaction
"I respect Cole more for backing out.",opinion_reaction
"I lost respect for Cole when he apologized.",opinion_reaction
"I think Kendrick fans take everything too seriously.",opinion_reaction
"I think Drake fans defend everything he does.",opinion_reaction
"The beef made me revisit both artists' catalogs.",opinion_reaction
"I still play both Drake and Kendrick.",opinion_reaction
"I think this was good for hip hop.",opinion_reaction
"I wish the beef stayed more lyrical.",opinion_reaction
"I think the personal accusations made the beef uncomfortable.",opinion_reaction
"I liked the competitive energy of the battle.",opinion_reaction
"I think people care too much about who won.",opinion_reaction
"I enjoyed the memes more than the arguments.",opinion_reaction
"I think the whole thing became exhausting.",opinion_reaction
"I am ready for everyone to move on.",opinion_reaction